事件,大分類,項目,支出佔比,預計支出金額,實際支出金額,計畫內容
花蓮0206地震,受害者慰問金,花蓮縣○二○六地震災害慰問金發放實施計畫,4.21%,104235000,104235000,"(1)死亡慰問金:罹難者每人500萬元。
 (含法定項目)
 (2)重傷慰問金:醫院檢傷分級1、2級
 每人20萬元。
 (3)中傷慰問金:醫院檢傷分級3級每人
 3萬元。
 (4)輕傷慰問金:醫院檢傷分級4、5級
 每人5,000元。
 (5)受災戶慰問金:實際居住且因0206
 地震致建物不堪居住之住戶每戶20萬元
 整。
 (6)影響生活慰問金:針對○二○六地
 震大樓建築物危樓拆除期間經本府公告
 警戒區內或經本府建設單位評估因拆除
 清運而確實受影響範圍內之實際住戶,
 發放影響生活慰問金每戶新臺幣2萬
 元。"
花蓮0206地震,受害者慰問金,花蓮縣○二○六地震災害慰問金發放實施計畫,1.71%,"42,400,000","42,400,000","(1)死亡慰問金:罹難者每人500萬元。
 (含法定項目)
 (2)重傷慰問金:醫院檢傷分級1、2級
 每人20萬元。
 (3)中傷慰問金:醫院檢傷分級3級每人
 3萬元。
 (4)輕傷慰問金:醫院檢傷分級4、5級
 每人5,000元。
 (5)受災戶慰問金:實際居住且因0206
 地震致建物不堪居住之住戶每戶20萬元
 整。
 (6)影響生活慰問金:針對○二○六地
 震大樓建築物危樓拆除期間經本府公告
 警戒區內或經本府建設單位評估因拆除
 清運而確實受影響範圍內之實際住戶,
 發放影響生活慰問金每戶新臺幣2萬
 元。"
花蓮0206地震,安家補助,花蓮縣政府辦理107年0206震災土石放置場影響戶安家補助計畫,0.01%,"360,000","360,000","因107年2月6日地震致本縣花蓮市雲門翠堤、吾居吾
宿、白金雙星及統帥飯店等4棟危樓進行拆除,所規劃
之拆除廢棄物及土石放置場因影響原土地範圍上之住戶
正常生活、睡眠以及平日營生。
評估該戶1戶3口居住房屋及畜養動物安置、管養及畜
「養空間成本及費用,以每個月補助新台幣3萬元整。"
花蓮0206地震,感謝、療癒、紀念活動,0206 地震災害除夕圍爐活動,0.02%,444960,"359,410","為疏緩 0206地震災害受災民眾緊張情緒,適逢
農曆新年將至,由本府於除夕晚間籌辦「0206 溫馨團圓除夕圍爐活動 水果禮盒及福感恩圍爐活動」,邀請受災民眾一起圍爐,讓他們感受到政府及社會大眾的熱心關懷,俾利受災民眾能逐漸平復心情,恢復正常生活。"
花蓮0206地震,安家補助,花蓮縣0206震災家園重建救助實施計畫,28.25%,"700,114,848","688,609,219","1.異地重建方案:入住安心住宅。
 2.重建救助金:每坪11萬元發給。(參
 採台北市、新北市、台中市及桃園市公
 開招標之公共住宅等平均單價訂定。)"
花蓮0206地震,安家補助,0206震災受災地救助實施計畫,4.51%,"111,727,028","95,754,310","依土地公告現值價購雲門翠堤、白金雙
 星及吾居吾宿三棟倒塌大樓受災地。"
花蓮0206地震,建物補強、重建,花蓮縣政府辦理0206震災後危險建築物補助作業實施計畫,2.03%,"50,400,000","30,608,228","1.補助「損壞評估報告」之費用,獨棟
 為1萬元,公寓大廈為樓地板面積每100
 平方公尺8,000元,不足以比例計算。
 2.損壞評估建議拆除者,以拆除面積每
 平方公尺新台幣2,000元予以補助。
 【財源另向內政部營建署申請】
 3.損壞評估建議補強者,以修復金額予
 以補助,以300萬元為補助上限。"
花蓮0206地震,建物補強、重建,花蓮縣因0206震災拆除工程損壞建築物修繕補助(償)實施計畫,0.06%,"1,393,316","1,393,316","1.因0206震災緊急拆除危險者,屬合法建築物,補助20萬元為上限。2.因0206震災緊急拆除危險者,屬其他建築物者,救濟金額以10萬元為上限。"
花蓮0206地震,生活扶助,"花蓮縣0206地震受災民眾生活扶助實施計畫",0.81%,20000000,20000000,"1.針對0206地震後不堪居住之建築物或
 經本府緊急動員人員判定危險建物且要
 求不得繼續居住家戶之實際房屋所有權
 人及實際居住者,提供生活扶助金每月
 1萬元,救助2年,扶助期間為107年3月
 1日至109年2月28日止。
 2.其中指定用途2,000萬補助所有權
 人。"
花蓮0206地震,生活扶助,"花蓮縣0206地震受災民眾生活扶助實施計畫",1.63%,40480000,39040000,"1.針對0206地震後不堪居住之建築物或
 經本府緊急動員人員判定危險建物且要
 求不得繼續居住家戶之實際房屋所有權
 人及實際居住者,提供生活扶助金每月
 1萬元,救助2年,扶助期間為107年3月
 1日至109年2月28日止。
 2.其中指定用途2,000萬補助所有權
 人。"
花蓮0206地震,醫療補助,"花蓮縣0206地震受傷者醫療照顧補助實施計畫",0.02%,"500,000","386,903","0206地震傷患醫療費用部分負擔、醫師
 評估有必要之醫療、住院期間看護費及
 膳食、必要耗材及輔具等費用。"
花蓮0206地震,安家補助,花蓮縣○二○六震災警戒區安全撤離短期安置實施計畫,0.05%,"1,264,000","1,264,000","因應0206地震危險警戒區域內之住戶、
 倒塌危樓拆除之週邊住戶及鑑定評估為
 紅黃單危樓之住戶而緊急撤離保全其生
 命,短期安置於飯店之經費。"
花蓮0206地震,醫療補助,花蓮縣 0206地震受災民眾口腔重建補助實施計畫,0.05%,"1,329,000","907,000",補助受災戶假牙最高4萬元。
花蓮0206地震,財損補助,花蓮縣0206震災財產損失汽(機)車補助實施計畫,0.97%,"23,951,000","23,923,884","1.提供因0206地震災害遭受汽(機)車
 車損之代步工具補助金,以協助其生活
 減輕經濟負擔。
 2.調整「花蓮縣政府0206震災財產損失
 汽機車補助實施計畫」報廢車輛補助案
 ,含鑑定費用補助經費共687萬8,000
 元。經向社會處追加經費310萬元。108
 年6月11日已至財政處撥款,經費餘額2
 萬7,116元。
 3.「花蓮縣政府0206震災財產損失汽機
 車補助實施計畫」之報廢汽車補助個案
 申請-高先生案(得知汽機車補助計畫
 針對報廢車輛有所調整補助方式,提出
 申請,扣除變賣零件費用30萬元後進行
 差額補助),經108年6月17日0206地震
 災害捐款管理及監督委員會第9次會議
 提案通過,所需追加經費為85萬1,000
 元整。"
花蓮0206地震,財損補助,花蓮縣0206地震受損房屋及車輛稅捐減免補助實施計畫,0.10%,2570000,"277,336","1.補助106年7月1日至107年1月31日止
 房屋稅。
 2.補助107年1月1日至107年2月6日計37
 日之使用牌照稅。"
花蓮0206地震,喪葬補助,花蓮縣 0206震災遺體處理暨聯合奠祭計畫（人力物力）,0.13%,3203235,,"由花蓮縣葬儀商業同業公會所有會員人力物力義務協助計新台幣320萬3, 235元。"
花蓮0206地震,喪葬補助,花蓮縣 0206震災遺體處理暨聯合奠祭計畫,0.05%,1347399,"1,242,934","聯合公祭(2月12日)及奠祭事宜,由 0206
震災捐款支應新台幣 134 萬 7,399元。"
花蓮0206地震,財損補助,花蓮縣〇二〇六震災行政院公告重災區內一般住家財產損失救助實施計畫,0.61%,"15,000,000","13,821,496","0206震災行政院公告重災區(花蓮市、
 新城鄉及吉安鄉)內一般住家受有財產
 損失者。(如電視、冰箱、洗衣機、冷
 氣等)"
花蓮0206地震,喪葬補助,花蓮縣 0206震災罹難者戴世璋喪葬費用補助計劃,0.00%,"54,000","54,000","茲因罹難者戴世璋家屬先行將大體運回北市辦理相關喪儀,提供與本縣參加公祭之罹難者及其家屬相當之服務(棺木、骨灰罐及大體運送免費)。"
花蓮0206地震,行政相關,花蓮縣政府0206地震災害捐款管理稽核委託會計師協助計劃,0.01%,"300,000","180,000","(一)依據花蓮縣政府 0206地震災害捐款管理及監
督委員會成立大會暨第1次會議會議紀錄肆、
臨時動議案由三:建議外聘會計師稽核善款執
行情形。決議:一、請主計處規劃聘僱會計師
至今年12月協助捐款管理稽核,相關費用由善
款支應,並製作專業會計報告,以昭公信。
(二)經查勤業眾信聯合會計師事務所,係目前台灣
擁有最多的上市/上櫃客戶,於業界有著良好聲
譽。經該所推薦郭俐雯會計師,本計畫擬委託
該所會計師協查。"
花蓮0206地震,財損補助,"花蓮縣政府辦理「提供0206地震災害受災民眾代步腳踏車」計畫",0.01%,"198,000","134,640","0206地震災害造成許多民眾一夜之
間喪失了日常的交通工具,本府為提供受災民眾最基本的交通工具(腳踏車),讓他們有代步工具便利與社會相連結、走入人群,逐步恢復正常生活。"
花蓮0206地震,財損補助,花蓮縣0206震災，行政院公告重災區內一般住家財產損失救助實施計畫，建議倒塌戶每戶救助10萬元,0.79%,"19,600,000","17,647,400","為協助本縣0206地震災區內倒塌戶,因
 逢震災造成動產損失,影響生活,予以
 救助,針對已拆除雲門翠堤、白金雙星
 及吾居吾宿3棟大樓建築內之動產所有
 權人,以戶為單位,每戶核給新台幣10
 萬元為上限。"
花蓮0206地震,財損補助,花蓮縣 0206震災行政院公告重災區內一般住家建築物毀損傷)修繕救助金實施計畫,4.04%,"100,000,000","85,472,331","0206震災行政院公告重災區(花蓮市、
 新城鄉及吉安鄉)內一般住家有建築物
 主體、雜項工作物或其設備有毀損(
 傷),已填報「花蓮縣0206震災財產損
 失查報表」者。(如地板、磁磚、圍
 牆、樑柱、天花板、門、升降設備等)"
花蓮0206地震,原因咎責/訴訟費用,台灣省土木技師公會辦理統帥大樓、吾居吾宿及雲門翠堤大樓倒塌原因及責任歸屬鑑定費用,0.39%,"9,761,700","9,761,700","辦理統帥大樓、吾居吾宿及雲門翠堤大樓倒塌原因及責任歸屬鑑定費用"
花蓮0206地震,感謝、療癒、紀念活動,"辦理0206震災捐助及協助救災等善心有功人
員感謝及相關法會。(指定用途)",0.56%,"14,000,000","13,410,646","1.頒發感謝狀及協助救災等善心有功人
 員救援補助慰勞金。
 2.辦理全國寺廟團體聯合為花蓮消災祈
 安暨0206震災超薦大法會。"
花蓮0206地震,產業紓困,0206震災損之農漁會復建工作(指定用途),0.04%,"1,100,000","1,058,476",0206震災損之農漁會復建工作
花蓮0206地震,生活扶助,花蓮縣0206地震受災學生助學金計畫,0.03%,"752,698","752,698","1.25歲以下在學學生(幼兒園、小學、
 國中、高中職、大專、大學)。進修
 部、在職專班、空中大學不予補助
 2.實際居住於花蓮市商校街2號(雲門
 翠堤)、國盛六街2號(白金雙星)、
 國盛六街41號(吾居吾宿)、紅單戶,
 且領有本府0206受災戶20萬慰問金其本
 人、配偶或其一親等內直系血親。
 (1)幼兒園:每名5,000元
 (2)國小、國中:每名10,000元
 (3)高中職(含五專一到五專三):每
 名15,000元
 (4)大學(含五專四到五專五、二專、
 二技、四技) :每名25,000元"
花蓮0206地震,安家補助,花蓮縣0206震災受災戶未設籍但實際居住者租金補助計畫,0.89%,"22,000,000","20,240,200","1.本府為補助未符合內政部花蓮縣0206
 震災受災戶租金補貼計畫之民眾,短期
 租屋需求。
 2.非受毀損住宅所有權人(承租戶)或
 未設籍於該住宅(所有權人),但實際
 居住者,自公告受理申請之日起一年內
 提出申請,補貼期程最長為2年,依法
 規定按月撥款。"
花蓮0206地震,感謝、療癒、紀念活動,本縣受災學校復興籃球運動,0.01%,"275,000","275,000","本縣受災學校復興籃球運動(日本籃球協會捐款指定用途)"
花蓮0206地震,安家補助,花蓮縣0206震災受災戶建物所有權人租金補貼展延1年計畫,0.10%,"2,454,000","2,006,000","針對尚未購屋之受災戶所有權人,展延
 1年租金補貼"
花蓮0206地震,安家補助,花蓮縣0206震災受災戶異地重建租金補貼計畫,0.09%,"2,320,000","2,320,000","參與本府異地重建方案之重建戶符合內
 政部與本府公告之「花蓮縣0206 震災
 受災戶租金補貼計畫」或「花蓮縣0206
 震災受災戶未設籍但實際居住者租金補
 貼補助計畫」,領有租金補貼,惟該工
 程未能在前開計畫補貼期限內完工,為
 協助前開受災戶居住問題,延長租金補
 貼期限1年6個月(18期)。"
花蓮0206地震,安家補助,有關「花蓮縣希望工程安心住宅新建工程」重建戶(所有權人)申請台電電桿遷移地下化施工案,0.01%,"300,000","260,549",重建戶(所有權人)申請台電電桿遷移地下化
花蓮0206地震,安家補助,有關「花蓮縣希望工程安心住宅新建工程」重建戶陳情補助管理基金案,0.02%,"402,643","402,643",補助重建戶管理基金
花蓮0206地震,建物補強、重建,天王星大樓為0206地震災害危險建築物張貼(紅、黃單)，已修繕完成經費不足案,0.01%,"239,741","239,741","天王星大樓已修繕完成,經費不足補差
 額案"
花蓮0206地震,建物補強、重建,內政部辦理補助本縣花蓮市林森路322號建築物(昇園華廈)耐震階段性補強工程案,0.16%,"3,924,000","3,648,676","花蓮市林森路322號建築物(昇園華
 廈)耐震階段性補強工程"
花蓮0206地震,安家補助,關「花蓮縣希望工程安心住宅 新建工程」重建戶(所有權人)申請室內裝修施工及審查費用案,0.22%,"5,513,972","5,513,972","室內裝修施工及審查費用(非裝潢費
 用)"
花蓮0206地震,建物補強、重建,本縣新城鄉大漢村七星街53巷5號、7號因0206地震後修復房屋工程費用申請計畫案,0.13%,"3,152,750","3,152,750","本縣新城鄉大漢村七星街53巷5號、7號
 因0206地震後修復房屋工程費用"
花蓮0206地震,安家補助,花蓮縣0206希望工程安心住宅專案重建戶重建增加面積差額案(代墊款),1.30%,"32,288,291","32,288,291","查參與異地重建計43位,經調查計29位
 重建戶須由善款協助墊付補差額,故重
 建後增加面積差額,暫由重建戶向善款
 借款先行墊付,俟完工後辦理抵押權設
 定貸款歸還善款。"
花蓮0206地震,安家補助,「花蓮縣0206震災家園重建救助實施計畫」異地重建方案所衍生之其他法定支出案,0.24%,"5,936,485","5,800,245","花蓮縣0206震災家園重建救助實施計
 畫」-異地重建方案所衍生之其他法定
 支出,如印花稅、營業稅等。"
花蓮0206地震,建物補強、重建,本縣臺灣原住民族文化館因災後陸續損壞需修繕案,0.06%,"1,470,000","614,961","本縣臺灣原住民族文化館防水及館外南
 北廊道地磚修繕。"
花蓮0206地震,安家補助,追加補發予領建物救助金受災戶受災金額，與異地重建戶救濟相同案,8.37%,"207,382,109","193,066,061","追加補發予領建物救助金受災戶受災金
 額,與異地重建戶救濟相同"
花蓮0206地震,建物補強、重建,110年度美崙國中災害復建工程申請計畫案,0.22%,"5,430,000","5,383,895","1.籃球場重新鋪設壓密、塗壓克力漆。
 2.球場旁為保存地基,加設導根板。
 3.處理因地震造成球場高低差及排水系
 統。"
花蓮0206地震,建物補強、重建,花蓮縣文化局復興街55號災修補強整建工程計畫案,0.28%,"6,858,492","6,858,376","花蓮縣文化局復興街55號災修補強整建
 工程"
花蓮0206地震,原因咎責/訴訟費用,花蓮縣政府辦理0206震災建築物倒塌受災戶求償訴訟經費補助實施計畫,1.88%,"46,670,000","5,798,352","補助0206震災建築物倒塌受有損害之請
 求權人求償訴訟經費(含律師費及訴訟
 費)"
花蓮0206地震,建物補強、重建,0206地震災害忠烈祠修繕工程,0.12%,"3,000,000",0,"0206地震災害忠烈祠修繕工程需變更項
 目,工程變更設計,追加工程經費。"
花蓮0206地震,安家補助,"花蓮縣政府0206震災未設籍住宅貸款利息補貼計畫
 *本案依據本縣重大災害民間賑災捐款專戶管理運用委員會112年第1次會議紀錄決議同意計畫執行數有變動時列管報告",3.43%,"84,872,640","34,505,501","花蓮縣政府為協助本縣0206震災未設籍
 於受毀損住宅所有權人重建或另地購置
 ,辦理受災戶重建及重購住宅貸款利息
 補貼。
 (本案經費包含20年補貼息4,867萬
 2,640元、20年經理銀行手續費620萬
 元、20年信保提存費2,800萬元及200萬
 元印花稅等其他費用)"
花蓮0206地震,建物補強、重建,花蓮縣身心障礙福利服務中心耐震補強案,1.45%,"36,000,000","477,760",花蓮縣身心障礙福利服務中心耐震補強
花蓮0206地震,救災資源加強,花蓮縣特種搜救大隊執行震災救援用之車輛裝備器材及強化防災知識之VR防災體驗車案,2.30%,"57,099,990","13,119,990","為充實本縣特種搜救大隊執行震災救援
 用之安全防護裝備、救災越野車、救災
 裝備器材及強化防災知識之VR防災體驗
 車需求。"
花蓮0206地震,救災資源加強,花蓮縣特種搜救隊訓練基地訓練專用裝備器材及維護保管設備案,0.67%,"16,626,000","5,150,000","購買本縣特種搜救隊訓練基地訓練專用
 裝備器材及維護保管設備。"
花蓮0206地震,建物補強、重建,0206花蓮地震美崙溪暨兩鐵自行車步道修繕案,0.55%,"13,738,500","10,619,672","美崙溪及兩鐵自行車步道部分設施因
 0206地震直接或間接損毀,該地段為本
 縣休憩之熱門景點,故辦理相關修繕計
 畫,以維民眾及遊客安全。"
花蓮0206地震,建物補強、重建,有關本縣地方文化館「花蓮鐵道文化園區(一、二 館)」申請0206震災修繕補助款案,0.29%,"7,102,832","5,683,274","本案配合文資局經費,於進行震損部分
 修復及結構基礎扶正,回復文化資產原
 貌,給民眾安全之使用空間。"
花蓮0206地震,感謝、療癒、紀念活動,"有關「花蓮0206地震紀念裝置藝術設置」,申請花蓮縣 0206震災捐款補助案",0.20%,"5,000,000","4,699,035","本紀念碑裝置採以公共藝術形式設置,
 供後人弔念、警惕並感謝震災期間救災
 英雄及捐助單位無私奉獻。"
花蓮0206地震,建物補強、重建,花蓮縣文化局美術館及演藝堂結構補強二期工程計畫案,0.32%,"8,000,000","7,177,684","本案配合文化部綜發三期經費,用於美
 術館及演藝堂結構補強規劃設計監造及
 工程,美術館採用剪力牆系統,演藝堂
 採用鋼骨制震系統進行補強。"
花蓮0206地震,建物補強、重建,花蓮縣文化局演藝堂建築震後整建計畫案,3.95%,"98,000,000","1,119,108","延續結構補強工程後,進行建築物裂
 縫、粉刷層剝落、管線損壞滲漏、補強
 後外觀等問題進行整建改善。"
花蓮0206地震,建物補強、重建,有關新城鄉七星街79巷路面改善工程案,0.05%,"1,250,000","1,245,280","七星街 79 巷路面因地震影響,施作彩
 色噴花地坪改善工程"
花蓮0206地震,安家補助,花蓮縣0206震災受災地維護管養計畫,0.12%,"3,000,000","431,885","有關已拆除0206震災倒塌之雲門翠堤、
 白金雙星及吾居吾宿三棟大樓基地,為
 續予維護管養案地及相關經費計畫"
花蓮0206地震,建物補強、重建,花蓮縣文化局美術館整建工程二期計畫案,2.02%,"50,000,000","2,043,597",花蓮縣文化局美術館整建工程
花蓮0206地震,建物補強、重建,花蓮縣歷史建築美崙溪畔日式宿舍修復計畫案,2.75%,"68,209,228","30,068,925",花蓮縣歷史建築美崙溪畔日式宿舍修復
花蓮0206地震,建物補強、重建,為本縣花蓮市轄內各抽水站受0206地震影響致抽水機組損壞及站體結構破損案,1.68%,"41,508,350",0,"為確保防洪抽水站排水功能及機組操作
 人員安全之改善工程"
花蓮0206地震,建物補強、重建,"為本府「花蓮地區水資源回收中心」受0206地震影響致災損之汙水處理設備,申請汰換案",1.37%,"34,070,000","31,208,553",汙水處理設備汰換
花蓮0206地震,建物補強、重建,縣道193線吉安溪橋及中山橋改建工程案,10.90%,"270,000,000","4,578,000",縣道193線吉安溪橋及中山橋改建
花蓮0206地震,建物補強、重建,有關本局「花蓮警光會館耐震補強整修工程」案,0.73%,"17,989,670","11,088,109",花蓮警光會館耐震補強整修
花蓮0206地震,救災資源加強,特種搜救隊訓練基地建置新建統包工程物價調整案,1.27%,"31,360,018",0,工程物價調整
花蓮0206地震,建物補強、重建,本縣防災教育館裝修工程因應物價膨脹申請補助經費案,0.73%,"18,000,000",0,工程物價調整
高雄1014城中城,受害者慰問金,高雄市1014城中城火災事故慰助實施計畫,69.91%,"281,900,000","281,623,816","1.死亡慰助金：2億6,652萬3,816 元(46人)。 2.受傷慰助金：1,510萬元(43 人)。"
高雄1014城中城,安家補助,高雄市1014城中城火災事故租屋/依親補助計畫,18.21%,"73,440,000","47,160,000","第一次核發68戶，計2,448萬元。配合七賢國中舊址社會住宅興建期程，核發第二次補助63戶，計2,268萬元，共計核發4,716萬元。"
高雄1014城中城,安家補助,高雄市1014城中城火災事故安家計畫,6.94%,"28,000,000","23,800,000","已核發68戶，共計核發2,380萬元。"
高雄1014城中城,安家補助,高雄市1014城中城火災事故機構安置補助計畫,2.68%,"10,800,000","3,420,000",受災戶因災後身體狀況及生活無法自理，須入住機構養護者之機構費用補助，第一次已核發3人，計198萬元。配合七賢國中舊址社會住宅興建期程，於112年10月核發第二次補助2人，計144萬元，共計核發342萬元。
高雄1014城中城,安家補助,1014城中城火災事故緊急旅館安置、罹難者家屬及受災者協助服務計畫,1.49%,"6,000,000","5,129,106","受災者短期旅館安置食宿費用、罹難者家屬辦理喪葬、於本市奔喪期間之食宿、交通費用及受災者後續居住安排所需費用，已核發53案，共計核發512萬9,106元。"
高雄1014城中城,醫療補助,1014城中城火災事故醫療照護費用,0.77%,"3,120,000","3,120,000",由衛生局統籌規劃，醫院逕向衛生局請款。
高雄氣爆,生活扶助,高雄市七三一石化氣爆受災民眾照顧服務補助實施計畫,1.02%,"42,638,805","42,638,805","(1)居家生活照顧:276人次
(2)居家看護:138人次
(3)機構安置:13人次
(4)冷氣設備:15人次
(5)居家服務、居家喘息:15人次
(6)心理復健:9人次"
高雄氣爆,救災資源加強,高雄市七三一石化氣爆災後復原重建教育基金補助學生學習實施計畫,4.03%,"168,868,500","168,868,500","核定罹難者子女18人、領有重大傷病卡者之子女或本人39人,總
計補助57人。"
高雄氣爆,受害者慰問金,高雄市七三一氣爆死亡、住院、重傷住院慰問金計畫,6.00%,"251,407,707","251,407,707","1.死亡:2億5,740萬元(32人)。
2.重傷:2,700萬元(54人)。
3.住院:870萬元(87人)。
4.出院:210萬元(105人)。
5.受傷急診:79萬8,000元(133人)。
6.連續住院30日以上:470萬元(47人)。
本計畫實際執行總金額為3億69萬8,000元,其中包含非指定捐
款2億5,140萬7,707元及指定捐款4,929萬293元。"
高雄氣爆,受害者慰問金,高雄市七三一石化氣爆受災戶生活慰助金實施,1.65%,"69,099,950","69,099,950","已核發5,186人。"
高雄氣爆,安家補助,"高雄市七三一石化氣爆災害緊急救災及安置服
務費用實施計畫",0.06%,"2,620,990","2,620,990",提供災民使用物資物品、受理災民安置、就醫及緊急運送等。
高雄氣爆,受害者慰問金,"高雄市七三一石化氣爆影響排水住屋淹水專案
慰問金實施計畫",0.50%,"21,116,496","21,116,496","已核發2,532戶。"
高雄氣爆,受害者慰問金,"高雄市七三一石化氣爆管制區內影響民眾生活
專案家戶慰問金實施計畫",4.14%,"173,494,464","173,494,464","已核發28,832件。"
高雄氣爆,生活扶助,"高雄市七三一石化氣爆事件燒傷者社會重建計
畫",0.20%,"8,461,770","8,461,770","累積服務項目
(1)復健服務:10,635人次
(2)壓力衣服務:2,966人次
(3)燒傷居家照顧:774人次
(4)心理諮商:733人次
(5)方案活動:910人次
(6)電話訪問及關懷訪視:2,147人次
本計畫實際執行總金額為1,102萬5,130元,其中包含非指定捐款
846萬1,770元及指定捐款256萬3,360元。"
高雄氣爆,安家補助,高雄市七三一石化氣爆事件租金慰助計畫,0.25%,"10,591,625","10,591,625","共補助215戶受災戶及協助31戶延長慰助期間,計核撥677個月
租金慰助,立即穩定受災戶居住需求、有效減輕另行租屋之負擔。"
高雄氣爆,建物補強/重建,高雄市石化氣爆地區房屋修復實施計畫,2.01%,"84,179,994","84,179,994","針對氣爆地區進行房屋簡易修繕、結構修繕及漏水修繕,優先以快
速復原至「可居住」為主,並使居民有一安居場所,本計畫已於104
年3月結案,共計完成房屋結構漏水修繕工程539戶、房屋簡易修
繕工程58戶,房屋結構安全監測工作完成透天407戶、公寓大廈
488戶及丙等結構補強設計3戶。"
高雄氣爆,建物補強/重建,高雄市七三一石化氣爆地區建築景觀改善實施計畫,4.45%,"186,200,323","186,200,323","1.本計畫實施範圍包含一心一路(凱旋三路口至光華三路口)、凱旋三路(一心路口至三多路口)、三多一、二路(凱旋路口至武營路
口)、武慶三路(三多路口至武慶三路79巷口)及武嶺街(三多路口
至武智街口)路段。補助項目為建築物沿街正立面修繕改造工程、
騎樓空間、足以影響都市景觀之建築物側立面、其他有助改善建築
物立面或環境景觀之事項。
2.第一次受理時間自103年9月19日至104年3月19日止;第二
次受理時間自104年9月1日至104年9月30日止。
3.本計畫分批執行:第一批示範工程採補助方式由民眾自行施作,
計68戶於104年3月4日完工。第二批採政府公共工程招標方式
辦理,計461戶於104年10月3日完工。第三批41戶由統包工程
費用項施作,105戶因超出契約金額(及原核定金額),提104年
11月9日善款委員會同意增加經費2315萬元,須另行發包規劃設
計監造及工程施工(列入第四批施作),已於105年7月29日完工,
於105年10月3日-10月4日辦理驗收。
4.原第四批住戶三多一路69號(9戶)表達有更換落地窗、凱旋三路
485~503號(36戶)表達有增設防墜安全設施等需求,請本府協助,
因原工程已竣工,需另辦分別採購,已於105年12月15日完工,
106年1月5日驗收,並完成結算作業。
5.業於106年3月16日完成全案結算作業。"
高雄氣爆,建物補強、重建,高雄市七三一石化氣爆事件住宅重建實施計畫,0.19%,"8,111,733","8,111,733","本市發生石化氣爆後,造成周邊建築物毀損,為復甦災區生活機
能,改善都市老舊聚落生活環境,爰以都更手段與誘因促進地區重建,協助社區居民成立都市更新會,並委託專業團隊進行建築設
計、不動產估價、財務評估、整合居民意願,協助社區居民自力推
動都市更新重建。"
高雄氣爆,產業紓困,"高雄市七三一石化氣爆受災店家/攤販影響營業
慰助金",2.64%,"110,714,675","110,714,675","1.營業慰助金:已執行完畢,總發放份數2,269份,實際執行金額
7,654萬元。
2.貸款暨利息補貼:已執行完畢,執行金額共計34,584,675元。
3.部分店家返還溢領慰助金共計41萬元。"
高雄氣爆,受害者慰問金,"高雄市政府七三一氣爆受災店家重建期間營業
影響慰助金暨租金慰助計畫",1.97%,"82,405,250","82,405,250",營業影響慰助金:已核發499件。租金慰助:已核發266件。
高雄氣爆,財損補助,"高雄市政府七三一石化氣爆事件汽(機)車毀損
補(救)助金實施計畫",0.98%,"40,903,000","40,903,000","汽車727輛,機車452輛。"
高雄氣爆,建物補強/重建,"1030731高雄市石化氣爆受災戶損壞修復鑑定
計畫",0.08%,"3,275,386","3,275,386","本案已全數驗畢完成房屋損壞鑑定1,258戶。"
高雄氣爆,安家補助,"高雄市七三一石化氣爆災後安置民眾及協助本
府聯合服務計畫",0.07%,"2,746,424","2,746,424","計有8所學校協助安置及救災,執行經費計274萬6,424元。"
高雄氣爆,生活扶助,"高雄市高級中等以下學校七三一石化氣爆事件
受災學生學雜費及代收代辦費補助計畫",0.31%,"12,816,180","12,816,180","高中職及五專前三年核發1,439人,國中核發1,414人,國小核發
1,376人。合計核發4,229人,實際執行金額為1,281萬6,180元。"
高雄氣爆,建物補強、重建,"高雄市七三一石化氣爆事件協助氣爆沿線所埋
設石化、民生管線清除作業,遂行後續重建計畫",0.03%,"1,322,640","1,322,640","本計畫係財物採購案(含檢查蒐證器材、個人防護具、儀器設備)已
執行完成。"
高雄氣爆,財損補助,"高雄市七三一氣爆災害受營業損失店家行號僱
用之工作者慰助計畫",0.35%,"14,798,720","14,798,720","停止工作慰助:總計核發747人。停工生活慰助:總計核發764人
次。"
高雄氣爆,建物補強、重建,"高雄石化氣爆災後復建臨時工作津貼計畫人員
慰助計畫",0.09%,"3,897,500","3,897,500","合格派工372人,實際上工302人。在職滿15日者,核發人數14
人。在職滿30日者,核發人數2人。在職滿45日者,核發人數5
人。在職滿60日者,核發人數3人。在職滿75日者,核發人數15人。在職滿90日者,核發人數240人。"
高雄氣爆,產業紓困,"高雄市七三一氣爆災害受災店家重建期間繼續
僱用工作者慰助計畫",1.73%,"72,554,222","72,554,222","本計畫自103年8月25日至103年11月10日截止受理,本局業
已受理申請家數為368家。另本案經管理會同意發放第5個月慰助
金,社會局於104年5月7日撥付相關經費,本局辦理第5個月慰
助金已撥款完畢,審理撥款家數為275家,核撥金額為12,267,203
元。"
高雄氣爆,受害者慰問金,"高雄市苓雅區七三一石化氣爆受災戶房屋毀損
核發慰助金計畫",0.42%,"17,764,000","17,764,000","已核發1,022戶。"
高雄氣爆,建物補強/重建,"高雄市苓雅區七三一石化氣爆災後復原重建受
災民眾房屋自行僱工修繕補助計畫",0.32%,"13,325,972","13,325,972",已核發370件。
高雄氣爆,受害者慰問金,"高雄市前鎮區七三一石化氣爆受災戶房屋毀損
核發慰助金計畫",0.16%,"6,562,000","6,562,000",已核發333戶。
高雄氣爆,建物補強、重建,高雄市前鎮區七三一石化氣爆災後復原重建受災民眾房屋自行僱工修繕補助計畫,0.35%,"14,462,335","14,462,335",已核發400件。
高雄氣爆,建物補強/重建,"高雄市七三一石化氣爆事件街道招牌更新補助
計畫",0.40%,"16,832,041","16,832,041","完成調查受損店家計187間,受損招牌計284面。已申請289戶,
提送289戶審查,累計審查通過283戶。
其中有1戶未提出撥款申請,其餘278戶(487面)至11/30已付款
結案,累計金額為1674萬8041元。審查
會議支出費用共計8萬4000元,總支出共計1683萬2041元。"
高雄氣爆,救災資源加強,增補救災裝備器材計畫,1.89%,"79,119,700","79,119,700","1.消防衣、褲:抽驗6件消防衣褲送英國檢測於104年8月24日
完成,104年8月27日通過第二次驗收事宜,已配發各消防人員完
畢,並依規定辦理核銷付款。
2.消防帽、手套、鞋:均已於履約期間內完成交貨、驗收及付款事
宜。
3.個人安全警示器及A級防護衣:已完成驗收、教育訓練、及核銷事宜。
4.本案已於104年9月21日完成結案。"
高雄氣爆,生活扶助,高雄市石化氣爆災區心理衛生工作計畫,0.16%,"6,503,460","6,503,460","1.電台安心宣導已完成26場次。
2.社區民眾安心講座已完成32場次。
3.個案研討暨團督會議已完成12場次。
4.救災人員減壓團體已完成71場次。
5.災難心理教育訓練已完成4場次。
6.103年8月1日至105年8月31日提供傷者及其家屬、救災人員
及受災戶心理關懷輔導,累計14,304人次。"
高雄氣爆,生活扶助,"高雄市石化氣爆災區登革熱社區動員全面孳生
源清除緊急防治計畫",0.44%,"18,287,926","18,287,926","全面執行石化氣爆災區社區環境整頓、容器減量、地毯式孳生源清
除、重大列管點查核、高風險場域預防性噴藥等防治工作:積水地
下室複查及投藥消毒工作計執行936處。執行家戶室內外噴藥計
17,797戶及孳生源檢查計20,971戶等防治工作。"
高雄氣爆,醫療補助,七三一石化氣爆災區居民健康檢查服務計畫,0.09%,"3,624,992","3,624,992","已依據計畫執行內容,於103年10月4日至11月23日每週六、
日上午假英明國中、中正高工及民生醫院辦理健康檢查服務,總計
提供服務人數計4,373人。"
高雄氣爆,救災資源加強,"高雄市政府警察局添購消防衣供氣爆警戒員警
使用計畫",0.19%,"8,153,000","8,153,000","本案於9月30日消防衣、褲已驗收交貨並抽5套於10月26日委
由財團法人紡織產業綜合研究所送國外檢驗,另消防帽、鞋、手套、
頭套、防爆手電筒於11月13日完成驗收交貨,俟消防衣、褲檢驗
合格後即可分發同仁使用,辦理結案。本案於12月25日完成教育
訓練並配發至各受配發單位使用,12月28日完成驗收工作,目前
正簽奉鈞長核可後辦理核銷結案,本案105年1月12日核銷結案,
1月13日賸餘款新台幣84萬7,000員匯回社會局,1月17日函報
社會局辦理結案。"
高雄氣爆,感謝、療癒、紀念活動,高雄市「藝術陪伴七三一氣爆災區心靈重建」計畫,0.09%,"3,627,800","3,627,800","本局已於103年11月7-9日在災區學校辦理三場歌仔戲展演及一場兒童劇等大型戶外夜間演出活動,災民能就近觀賞,其他市民也
能親訪災區給予打氣與關懷,讓撫慰人心的藝術氛圍重振災區。該
四場演出共計超過2萬人參加,現場氣氛熱烈,活動效益極高。"
高雄氣爆,感謝、療癒、紀念活動,高雄市氣爆記憶復原專書出版計畫,0.03%,"1,350,110","1,350,110","本計畫以忠實客觀呈現高雄石化氣爆此一歷史事件為出版方針,廣
泛蒐集救災與重建歷程之文書圖表資料,依救災、安置、扶助、重
建等軸線編輯,集結成《高雄石化氣爆工作實錄》一書,同時為使
生命的存在有跡可循,訪談22位傷者與罹難者家屬,透過回顧和
感念來撫慰傷痛。本書於105年7月31日出版,105年11月編印
第2版,共印製1000本,提供機關、學校及團體索閱。"
高雄氣爆,建物補強、重建,"1030731高雄市石化氣爆受災戶損壞緊急補充
鑑定計畫",1.21%,"50,668,415","50,668,415","1.委託市土木、市建築、省土木等公會辦理緊急鑑定、補充鑑定(含
專業勘查、屋損鑑定、結構安全鑑定)、專業諮詢等。
2.預計辦理7,218份,其中緊急鑑定報告1,220份,補充鑑定(含
專業勘查、屋損鑑定、結構安全鑑定)5,760份、結構安全鑑定6份、
後續新增案件232份均已完成鑑定,105年3月21日付款結案,並
於3月25日將剩餘款繳回社會局。"
高雄氣爆,原因咎責/訴訟費用,"高雄市七三一石化氣爆災害受災者賠償請求權
讓與案件管理系統",0.00%,"89,435","89,435","本案103/10/20委外發包完成,103/10/30日完工,於103/11/18
檢據核銷完畢。法制局於系統完工即開始建立代位求償權相關案件
資料,目前(104/5/15)共輸入3860筆資料。"
高雄氣爆,感謝、療癒、紀念活動,"「百萬好禮、千萬感激-高雄經濟再起」商業振興
方案",0.12%,"4,948,337","4,948,337","於災區舉辦3場主題活動、8場促銷活動,活絡商機。"
高雄氣爆,醫療補助,"高雄市七三一石化氣爆傷重者精神支助金實施
計畫",0.78%,"32,500,000","32,500,000","針對因氣爆受傷領有重大傷病卡、身心障礙證明、連續住加護病房
4日以上(含)或連續住院30日以上(含)者發放精神支助金每人50
萬元,採一次發放;符合資格者計65人,於104年6月2日全數核
發完畢。"
高雄氣爆,建物補強、重建,高雄市石化氣爆地區補助復建地區改善建築物設置太陽光電設施實施計畫,0.53%,"22,285,647","22,285,647","截至106年7月28日止,有75案提出申請,72案審核完成,有 69案完成設置,另包括委託技術服務案,總支出經費共執行
22,285,647元。"
高雄氣爆,建物補強、重建,"高雄市七三一石化氣爆街區建築景觀招牌廣告
更新第2次實施計畫",0.26%,"10,701,442","10,701,442","105年4月18日已完成計畫公告;105年5月23日完成通函告知
所有計畫範圍內店家本計畫公告。至106年8月31日截止受理核
撥救(補)助金申請,總計受理170案(1,056萬4,526元),已全數
支付170案(1,056萬4,526元),另已支付委員出席費等行政作業
費計13萬6,916元,已執行金額總計為1,070萬1,442元。"
高雄氣爆,醫療補助,高雄市石化氣爆傷者精神慰問金計畫,0.24%,"10,050,000","10,050,000","業已於105年10月20日全數撥付完竣,共計1,005萬元。"
高雄氣爆,感謝、療癒、紀念活動,高雄市七三一氣爆紀念裝置藝術計畫,0.83%,"34,618,144","34,618,144","1.本案於107年7月28日假五權國小校地辦理氣爆紀念裝置藝術
落成典禮。
2.107年9月27日通過公共藝術審議同意備查,12月10日函報民
間捐款專戶管理會結案。"
高雄氣爆,建物補強、重建,"高雄市七三一石化氣爆道路復建路段建築景觀
改善補助民眾自行施作計畫",0.17%,"7,230,027","7,230,027","1.本計畫第一、二次公告,累計共15棟(32戶)申請及錄案。
2.本計畫辦理災區沿街建築物外牆及騎樓空間景觀改善,歷經近1
年9個月的努力,街區風貌煥然一新。"
高雄氣爆,建物補強、重建,"七三一石化氣爆事件住宅修繕(裝修)貸款暨利
息補貼計畫",0.03%,"1,182,138","1,182,138","104年3月31日截止受理,第一類受理18戶,核發符合資格函18
戶;第二類無受理戶數。"
高雄氣爆,生活扶助,"高雄市政府補助七三一石化氣爆重傷者生活重
建經費實施計畫",9.53%,"399,172,243","399,172,243","本計畫服務人數45人(1人死亡),含單領重大傷病卡者24名、單
領身心障礙證明者3名、同時領有重大傷病卡合併身心障礙證明者
18名。"
高雄氣爆,生活扶助,"七三一石化氣爆民眾生活功能重建與社會融合
服務計畫書",0.04%,"1,685,640","1,685,640","本案衛生局委由社團法人職能治療師公會執行復健相關服務,已完
成:
1.居家復健:居家職能復健488人次、物理復健507人次,總計:995
人次。
2.辦理社區融合訓練活動5場次,共67人次參加。
3.職能重建服務:共服務12位個案,中心共服務251人次(小時),
外訪共服務386人次(小時),總計637人次(小時)。"
高雄氣爆,醫療補助,"高雄市七三一石化氣爆受傷者醫療照顧補助實
施計畫",1.70%,"71,318,399","54,785,909","已核發7,111案。"
高雄氣爆,受害者慰問金,"高雄市政府補助七三一石化氣爆事件志工因提
供服務重傷者補助經費實施計畫",0.41%,"17,060,000","15,705,292","志工因服務災區致受傷者計2人,現持續服務計1人進入生活重建
復原階段,為使適應生活及持續進行語言、復建等治療,持續撥付
醫療相關補助。"
高雄氣爆,原因咎責/訴訟費用,"高雄市七三一石化氣爆災害受災者求償救助計
畫",22.25%,"932,000,000","826,397,913","1.氣爆事件受災者請求權讓與受理申請計3,992案,求償救助金審
查會計46次,審議計3,992案。
2.已簽約計3,149案,已撥款計新台幣8億2,639萬7,913元(包
含重傷者和解64案)。"
高雄氣爆,原因咎責/訴訟費用,"高雄市政府洽請高雄律師公會推薦律師辦理七
三一氣爆災害受災者賠償請求權讓與等法律服
務計畫",3.12%,"130,840,000","76,095,124","法律諮詢服務12場,說明會9場均辦理完成;專案辦公室階段性
任務完成;親訪服務辦理完成;複核服務案件無須委辦;代受災民
眾對肇事者提起損害賠償訴訟部分,計起訴6大案,共3,140件,
請求金額10億5,088萬8,551元,另111年12月因給付「高雄市
八一石化氣爆災害受災者求償救助計畫-行使損害賠償請求權民事訴訟第二審法律服務案」第三期契約價金,共計新台幣600萬元整。
本計畫截至113年3月31日止已執行金額7,609萬5,124元。"
高雄氣爆,原因咎責/訴訟費用,"高雄市七三一石化氣爆災害受災者法律扶助計
畫",0.16%,"6,800,000","1,532,985","1.檢視申請人資格及申請補助項目,申請文件(起訴狀影本、律師
委任狀影本、律師費收據、繳納裁判費收據及金融機構存摺封面影
本)是否齊全以及有無不予補助情事。
2.截至113年3月31日止累計撥付24件,金額1,532,985元。"
高雄氣爆,生活扶助,"高雄市七三一石化氣爆事件傷者生活支持補充
計畫",3.93%,"164,591,201","164,591,201","1.核定補助金額100萬元(含)以上者,已與高雄銀行完成信託簽約
事宜,後續將持續採信託方式辦理。其餘補助款採一次性撥付方式
已撥付完成。
2.補助金額50萬元共計3人;補助金額100萬元共計21人。"
高雄氣爆,行政相關,"高雄市七三一石化氣爆事民間捐款專戶管理運
作暨專案人力計畫",0.53%,"22,098,710","16,485,224","1.截至113年3月31日止,已執行專案人力費用計1,578萬4,930
元。
2.辦理召開2次本局審議民間團體提案辦理災後重建計畫會議所需
費用計8,000元。
3.辦理召開15次醫療照顧審議小組會議及書面審查所需費用計18
萬4,201元。
4.辦理召開8次氣爆捐款專戶管理會所需費用計28萬3,399元。
5.執行本計畫所需活動費用、郵資及雜支費用計22萬4,694元。"
高雄氣爆,醫療補助,"高雄市七三一石化氣爆事件傷者長期支持照顧
計畫",13.68%,"573,090,490","35,401,921","服務項目:
(1)輔具費用:38人次
(2)輔具耗材費用:2人次 (3)耗材費用:268人次
(4)營養品費用:298人次
(5)看護費用:234人次
(6)交通費用:218人次
(7)居家復健費用:662人次
(8)心理復健費用:9人次"
高雄氣爆,生活扶助,"高雄市氣爆區讓愛延續~建立災區兒童家庭支持
據點計畫",0.01%,"294,400","294,400","1.提供二手物資倉庫捐贈平台協助弱勢兒童家庭;收集各項母嬰用
品免費提供中低階層家庭交換使用,如孕婦裝、托腹帶、擠奶器、
嬰兒車床、衣服、鞋子、襪子帽子、玩具、書籍、奶粉食品及急難
救助以及其他相關用品。
2.提供氣爆區兒童家庭問題協談諮詢。
3.辦理氣爆區家庭經營經驗分享講座。
4.氣爆區兒童家庭急難救助及各項公私部門及社會資源聯結。
5.辦理氣爆社區兒童暑期生活營。"
高雄氣爆,感謝、療癒、紀念活動,"高雄市七三一愛,翻轉愛計畫",0.02%,"750,000","750,000","本案於石化氣爆區域(苓雅區林靖公園、英明公園、前鎮區聖和公
園)辦理系列律動等健康促進活動(有氧、體能、平衡、音樂活動),
增進銀髮族社交互動,促進身心健康,另培訓種子志工,提升社區
人力資源。"
高雄氣爆,生活扶助,高雄市石化氣爆-災區復原與自立服務計畫,0.07%,"2,876,409","2,876,409","透過社會工作的專業技巧,以各類社區方案及團體活動為媒介,規
劃辦理「兒童」、「青少年」、「家庭」、「志工」四大類型之方案,提
供弱勢兒少家庭社區支持性服務及社區培力之相關方案與平台,並協助社區建構社區網絡,最後達到社區韌力之提升。"
高雄氣爆,生活扶助,高雄市健康生活照顧服務計畫,0.19%,"7,831,508","7,831,508","1.召開專家小組會議規畫身心健康篩檢量表11場次。
2.災難心理衛生教育訓練課程7場次。
3.在地化及多元化健康生活照護之專業人員培訓課程及在地化健
康生活照護之社區篩檢模擬課程(針對志工訓練與專業人員再訓與
實測)共10場次。
4.在地化及多元化健康生活照護,共計辦理439場次,2,742人次
參與。
5.多層面精神健康評估,共計篩檢2,524人次。
6.製作公播版災難心理衛生教育訓練影音教材,共計完成34小時
35分。
7.衛教宣導片及微電影4小時,包括身心健康促進、心理急救衛教
宣導影片240分鐘及災後心理團隊介入微電影20分鐘。"
高雄氣爆,原因咎責/訴訟費用,高雄市處理受災戶氣爆房屋民事訴訟實施計畫,0.03%,"1,172,956","1,172,956","協助處理氣爆房屋受災戶遭提告無因管理、不當得利之民事訟訴
案,已全數撥付完竣。"
高雄氣爆,生活扶助,高雄市石化氣爆事件受災戶生活紓困計畫,0.07%,"3,000,000",0,"少數氣爆受災戶因氣爆直接或間接影響家庭功能,致生活陷困的狀
況,針對氣爆受災戶發生生活陷困的狀況,以救急為原則,發放1
次性的生活紓困補助。"
高雄氣爆,受害者慰問金,高雄市石化氣爆事件特殊個案慰助計畫,0.05%,"2,000,000","400,000","少數氣爆受災戶未於時效內提出相關計畫補助之申請,或是裁定補
償金額與申請補助金額落差太大之情形,發放1次性的慰助金,已
核發補助2案,計40萬元。"
高雄氣爆,生活扶助,高雄市石化氣爆事件長期生活支持計畫,2.77%,"115,958,430","57,436,920","針對經治療後仍遺留無法改善之身體損傷致影響勞動能力者,提供
持續長期生活支持,已核發補助50案,計5,743萬6,920元。"
太魯閣出軌,受害者慰問金,"罹難者家屬扶助金1,800萬元/人",78.59%,,"882,000,000",
太魯閣出軌,受害者慰問金,傷者扶助金,15.75%,,"176,800,000","(一)第一類(極重度)1,200萬元/人
(二)第二類(重度)800萬元/人
(三)第三類(中度)300萬元/人
(四)第四類(輕度)100萬元/人
(五)第五類(門診)20萬元/人"
太魯閣出軌,受害者慰問金,其他乘客心理撫慰金 5萬元/人,0.62%,,"7,000,000",
太魯閣出軌,生活扶助,罹難者子女重度以上傷者子女/在學重度以上傷者教育資助,2.11%,,"23,671,614",
太魯閣出軌,受害者慰問金,分配結餘款（給罹難者家屬、傷者及乘客）,2.93%,,"32,845,500","(一)罹難者家屬55萬4,800元/人
(二)第一類(極重度)36萬9,900元/人
(三)第二類(重度)24萬6,600元/人
(四)第三類(中度)9萬2,500元/人
(五)第四類(輕度)3萬900元/人
(六)第五類(門診)6,200元/人
(七)其他乘客1,600元/人"
台南地震,受害者慰問金,地震災害慰問金發放計畫,19.64%,"541,280,000","541,280,000",死亡慰問金每人400萬元、重傷慰問金每人50萬元、輕傷慰問金每人20萬元、微輕傷慰問金每人3萬元、受災戶慰問金每戶10萬元。
台南地震,安家補助,0206震災受災戶租金補貼計畫,0.96%,"26,331,912","26,331,912","未設籍或非毀損住宅所有權,租金補貼6個月;對毀損住宅所有權人未設籍或死亡者,租金補貼24個月(每戶每月最高1萬6千元,如未超過核計之補貼金額者,以租賃契約內容載之金額補貼)。"
台南地震,財損補助,"臺南市政府0206地震災害汽(機)車毀損補助金實施計畫",0.85%,"23,328,800","23,328,800","本市轄區因0206地震致汽(機)車毀損致不堪使用者,毀損汽車每輛5萬
 元、毀損機車每輛1萬元。
 增額補助標準:汽車依據其殘值80%進行補助,最低補助10萬元(扣除已核撥5
 萬元)、機車補助5萬元(扣除已核撥1萬元)。"
台南地震,建物補強、重建,"永康區維冠大樓、歸仁區幸福大樓、東區大智市場等3棟建築物發放補助款作業",13.08%,"360,571,904","360,571,904","1.維冠金龍大樓災戶補助,依106年1月20日召開之0206震災復原重建小組第13次會議紀錄。參照「台南市興辦公共工程土地改良物補償自治條例」標準補助100%,但每一所有權人最高不超過400萬元。2.歸仁區幸福大樓及東區大智里生產市場已拆除,依106年1月20日召開之0206震災復原重建小組第13次會議紀錄。參照依「台南市興辦公共工程土地改良物補償自治條例」標準,採建議「修復」者,補助修復費用100%,最高200萬元;採建議「拆除」者,補助折除重建費用100%,最高300萬元。"
台南地震,受害者慰問金,"0206震災15歲以下身故
未獲保險理賠慰問(指定
捐款)",0.54%,"14,760,000","14,760,000","亞洲臺灣商會聯合總會為協助0206南台地震投保商業保險(不含學保)未滿
15歲被保險人,家屬無法獲得死亡理賠者共計24名,授權本府協助發放賑災
善款總計新臺幣1,476萬元整。"
台南地震,建物補強、重建,台南市0206震災後危險建築物補助作業實施計畫,11.12%,"306,619,421","306,619,421","依106年1月20日召開之0206震災復原重建小組第13次會議紀錄。提高紅、黃單危險建築物補助金額,採建議「修復」者,補助修復費用100%,最高200 已發放1,788件。萬元;採建議「拆除」者,補助拆除重建費用100%,最高300萬元。"
台南地震,醫療補助,臺南市○二○六地震受傷者醫療照顧補助實施計畫,0.18%,"4,976,361","4,976,361","名列○二○六地震傷患名冊,因○二○六地震受傷而至全民健康保險(以下簡稱健保)特約醫療院所就醫(含門診、回診、急診及住院治療)者及因○二○六地震受傷,經醫生診斷有其他醫療及照顧用品之需求,並提出相關證明文件之民眾。"
台南地震,受害者慰問金,亞洲臺灣商會聯合總會指定捐助本市0206地震受災戶教育事項經費,0.12%,"3,228,085","3,228,085",1.代償9名罹難學生就學貸款債務本金：200萬元 2.購置21名震災學生就學所需之電腦及印表機：63萬元 3.認養大灣高中11名震災學生5年助學金：165萬元
台南地震,感謝、療癒、紀念活動,端午節慰問,0.10%,"2,859,080","2,859,080",因本市0206地震致家人罹難及房屋倒塌之家戶、所有權人及攤商（永康區維 冠大樓、中西區文和街集合住宅、東區大智里生產市場及歸仁區幸福大樓） ，核發端午節禮金新臺幣1萬元整及肉粽禮盒1盒。
台南地震,財損補助,臺南市○二○六地震因 永康區維冠大樓、新化區 京城大樓震災拆除致影響 生活慰助金及營業損失補 助、民有生產市場及山上 購物中心攤商營業損失,0.35%,"9,650,000","9,650,000",1.因永康區維冠大樓、新化區京城大樓震災及拆除工作致影響生活之店家負 責人，每一店家負責人發放新臺幣十萬元影響生活慰助金，倘負責人已因實 際居住於該址而獲本市受災戶慰問金者，則不發放。 2.營業損失補助每一營業店家以每月損失2.5萬，補助2個月共5萬元。 3.民有生產市場(即大智市場)及山上購物中心攤商營業損失補助每一營業店 家以每月損失2.5萬，補助2個月共5萬元。
台南地震,財損補助,臺南市0206地震造成本 市永康區維冠大樓倒塌， 損壞大樓週邊受災戶財損 之補助作業,0.17%,"4,807,238","4,807,238","1.檳榔攤、豆花冰店、西瓜專賣店(不含服飾店出租)、車棚依「台南市興辦 公共工程土地改良物補償自治條例」以違章建築百分之五十計算核定，再依 「臺南市政府辦理0二0六震災後危險建築物補助作業實施計畫』金額折半計 算 2.中古車行災損之財產損失補助300萬元，另依106年4月24日南市工使二字 第1060399575號函，增加補助中古車行125萬2,238元。 3.依106年3月22日南市工使二字第1060302522號函，增加補助鳳姐豆花店30 萬元。"
台南地震,安家補助,臺南市政府辦理○二○六地震罹難者既有購屋貸 款補助計畫,0.71%,"19,436,329","19,436,329",1. 補助範圍：0206地震罹難者，其房屋因地震滅失且有購屋貸款尚未繳清 者。 2. 申請人資格：依下列順序定之：(一)配偶、(二)直系血親卑親屬、(三) 父母、(四)兄弟姐妹、(五)祖父母。 3. 補助金額：截至105年2月6日止，罹難者於金融機構之購屋貸款餘額。 4. 補助方式： （1） 父母雙亡且未滿18歲之兒童及少年，經本府社會局協助辦理信託者， 由本府依據查核資料核定後撥款，以信託方式管理，並通知法定監護人。 （2） 罹難者於金融機構之購屋貸款已全數由罹難者家屬清償或由地震保險 金理賠者，由本府撥款予申請人指定帳戶或信託專戶。 （3） 截至申請日止尚有金融機構之購屋貸款未繳清者，本府就尚未清償之 部分直接撥款予金融機構，餘撥款予申請人指定帳戶或信託專戶。
台南地震,財損補助,臺南市東區大智生產市場與歸仁區幸福大樓受災 戶其財物損失補助作業,0.63%,"17,400,000","17,400,000",東區大智生產市場與歸仁區幸福大樓受災戶其財物損失補助，補助對象為實 際居住之所有權人，擁有多戶者僅補助一戶，每戶30萬元。
台南地震,生活扶助,臺南市0206地震受災民眾生活扶助及照顧服務補 助（指定捐款）,0.84%,"23,111,371","23,111,371",民眾及其家屬因本市０二０六地震傷病、死亡等事故致生活陷於困頓或其他 待救助事項，經社工員評估亟需救助者，依其需要提供急難救助、短期生活 扶助、照顧服務補助與其他特殊慰助。
台南地震,建物補強、重建,臺南市0206震災後土壤 液化受損建築物之損壞評 估後續補助作業,22.52%,"620,705,199","620,705,199",依106年1月20日召開之0206震災復原重建小組第13次會議紀錄提高土壤液化 受損建築物補助金額，採建議「修復」者，補助修復費用100%，最高200萬 元；採建議「拆除」者，補助拆除重建費用100%，最高300萬元。
台南地震,安家補助,臺南市○二○六地震安 家扶助方案,0.02%,"530,000","530,000",為補助因臺南市○二○六地震受災民眾，於災變後面臨被迫遷居他處之安遷 或租屋等各項費用支出，提供受災戶安家扶助每戶3萬元，減輕其經濟負擔 特訂定本方案。
台南地震,建物補強、重建,0206臺南市中西區文和 街13戶重建災戶(指定捐款),0.01%,"282,400","282,400",國際扶輪社日本2700地區青少年委員會指定捐款本市中西區文和街13戶重建
台南地震,建物補強、重建,0206臺南市大內區地震災戶救助及房舍修繕重建,0.04%,"1,174,100","1,174,100",團法人福智社會福利慈善事業基金會指定捐款本市大內區地震災戶救助及 房舍修繕重建
台南地震,受害者慰問金,身障慰問金,0.34%,"9,500,000","9,500,000",<第一階段發放>因0206地震受重傷且該傷致終生無法復原，並因該長久性傷 害影響生活、就業甚鉅者，發放身障慰問金每人100至150萬元整。 <第2階段發放>因0206震災受傷迄今持續影響生活、就業及心理層面，依渠 等受傷程度並參考罹難者死亡慰問金及商業保險殘廢給付比例調高身障慰問 金，加發身障慰問金每人50萬至300萬元。
台南地震,安家補助,永康維冠大樓部分災民之土地增值稅補助計畫,0.28%,"7,741,894","7,741,894",1.補助範圍：維冠大樓部分災民不願原地重建，協議價購依法應納之土地增 值稅，依工務局105年7月5日南市工新三字第1050646920號函配合辦理製據 請款由0206善款給付。 2.補助金額：維冠大樓災民移轉土地依法應納之土地增值稅。
台南地震,建物補強、重建,臺南市0206震後危險建築物紅.黃單(損壞評估)作業勞務費,0.16%,"4,504,000","4,504,000",紅、黃單之建築物損壞評估，經由四大公會代表協商採以件計酬方式，每案 以8000元計價，其工作項目為下： 1.建築物損害情形調查：(1)需判斷建築物有無傾斜(2)周遭有無土壤液化 (3)柱梁牆屋頂損壞數量 2.給予民眾專業建議：(1)給予重建家園之經費概估(2)建築物補強修繕建議 方式
台南地震,感謝、療癒、紀念活動,中秋節慰問,0.23%,"6,432,000","6,432,000","因本市0206地震致家人罹難及房屋倒塌之家戶、所有權人及攤商（永康區維 冠大樓、中西區文和街集合住宅、東區大智里生產市場及歸仁區幸福大樓） ，核發中秋禮金新臺幣1萬2,000元整。"
台南地震,建物補強、重建,永康區維冠大樓土地進行協議價購作業,6.98%,"192,395,979","192,395,979",永康區維冠大樓土地進行協議價購作業，補助對象為土地所有權人，土地以 每坪地價37.7萬元為基準，依1F樓層別效用比170%調整，調整後權利地價為 64.1萬元/坪；2F以上皆依樓層別效用比150%調整，調整後權利地價為56.6 萬元/坪
台南地震,原因咎責/訴訟費用,0206地震東區大智市場 及歸仁區幸福大樓地震倒 塌原因鑑定報告經費,0.03%,"909,895","909,895",0206地震東區大智市場及歸仁區幸福大樓地震倒塌原因鑑定報告經費，委託 技師公會進行損壞安全鑑定作業 1.歸仁區「幸福大樓」（歸仁區信義北路46號）新增建築物損害安全鑑定費 用54萬元 2.東區「大智市場」（長東街103巷）新增建築物拆除損害安全鑑定38萬元
台南地震,財損補助,維冠大樓實際居住之所 有權人或承租人，承租店 家棉花糖、印表機(鼎盛電 腦)及三寧藥局等受災戶其 財物損失補助作業,1.10%,"30,300,000","30,300,000",維冠大樓實際居住之所有權人或承租人，承租店家棉花糖、印表機(鼎盛電 腦)及三寧藥局等受災戶其財物損失補助，補助對象為實際居住之所有權人 ，擁有多戶者僅補助一戶，每戶30萬元
台南地震,安家補助,房屋稅及使用牌照稅補 助計畫,0.02%,"513,525","513,525",對震災前尚未開徵之稅款，因不宜再向受災戶發單課徵，由0206善款補助，並訂定稅捐徵免及處 理原則，以解決開徵行政程序無法完備問題。 (一)房屋稅 1.105年房屋稅課稅期間104年7月1日至105年6月30日 2.依房屋稅條例第12條規定，按月計算徵免，故震災前104年7月1日至105年1月31日之房屋稅仍 應繳納。 3.補助對象 房屋張貼紅單部分，屬「納稅義務人死亡且房屋全毀損」或「納稅義務人倖免而房屋全毀損(排 除營業用及出租)」者，105年應納房屋稅由0206善款全數補助。 (二)使用牌照稅 1.105年使用牌照稅課稅期間105年1月1日至105年12月31日。 2.車輛依使用牌照稅法第13條規定，於無法使用期間按日計算，震災前105年1月1日至105年2月5 日之使用牌照稅仍繳納，計補助36/365天。 3.補助對象 受震災車輛，已完全毀損無法修復或毀損待修復方可使用，105年應納使用牌照稅由0206善款全 數補助。
台南地震,生活扶助,指定捐助0206地震致失 依或單親兒少,0.11%,"3,123,779","3,123,779",指定捐助0206地震致失依或單親兒少。
台南地震,生活扶助,指定捐助歸仁區文化街 7戶,0.03%,"770,000","770,000",指定捐助歸仁區文化街 7戶
台南地震,生活扶助,指定捐助0206地震弱勢 兒童營養午餐、教育經費,0.06%,"1,680,000","1,680,000","指定捐助0206地震弱勢兒童營養午餐、教育經費，於105學年度第1學期補助 領有區公所社會課開立地震受災戶證明或經導師家訪認定因震災導致家庭經 濟困難之學生，定額5,000元用予就學所需之營養午餐、書籍費及學用品費 等。105學年度第2學期定額補助1萬元用予就學所需之營養午餐、書籍費、 代收代辦費及學習用品(例如書桌等)。"
台南地震,安家補助,吉立寶投資股份有限公 司(即旺林飯店)房屋稅補助計畫(非營業部分),0.01%,"388,680","388,680",補助旺林飯店震災前104.07.01~105.01.31依法應納之房屋稅(非營業部分)
台南地震,建物補強、重建,臺南市0206震後液化地 區建築物損壞評估作業勞 務費,0.29%,"7,888,000","7,888,000","液化地區之建築物損壞評估，經由三大公會代表協商採以件計酬方式，每案 以8,000元計價，其工作項目為下： 1.建築物損害情形調查：1.需判斷建築物有無傾斜2.周遭有無土壤液化3.柱 梁牆屋頂損壞數量 2.給予民眾專業建議：1.給予重建家園之經費概估2.建築物補強修繕建議方 式"
台南地震,建物補強、重建,0206受災低收入戶房屋 修繕材料費,0.00%,"85,090","85,090",辦理0206地震後玉井低收入戶災後復建工程修繕材料費
台南地震,受害者慰問金,因0206地震受有未達輕 傷程度之骨折或創傷性蜘 蛛網膜下腔出血傷勢慰問 金,0.06%,"1,700,000","1,700,000",因0206地震受有未達輕傷程度之骨折或創傷性蜘蛛網膜下腔出血傷勢每名17 萬元之慰問金
台南地震,感謝、療癒、紀念活動,春節慰問,0.35%,"9,648,000","9,648,000","因本市0206地震致家人罹難及房屋倒塌之家戶、所有權人及攤商（永康區維 冠大樓、中西區文和街集合住宅、東區大智里生產市場及歸仁區幸福大樓） ，核發春節禮金新臺幣1萬2,000元整。"
台南地震,生活扶助,中華開發指定捐款於凱基銀行成立教育信託財產 專戶，支付5名失依兒少至 大學教育費,0.15%,"4,000,000","4,000,000",中華開發指定捐款於凱基銀行成立教育信託財產專戶，支付5名失依兒少至大學教育費
台南地震,生活扶助,民眾指定捐款思樂冰妹妹,0.0003%,"9,000","9,000",民眾指定捐款思樂冰妹妹
台南地震,原因咎責/訴訟費用,臺南0206地震災害被害 人法律扶助計畫,0.03%,"760,000","760,000",因○二○六地震災害被害人之有進行求償之法律需求，為使其獲得專業上建 議以尋求適切之救濟管道，並減輕因此產生之經濟負擔，以避免資力不足而 形成救濟上之障礙，爰對於本災害被害人於提起「提起賠償訴訟」、「聲請 保全程序」或「強制執行程序」時，提供「補助律師費」及「預納裁判費」 之扶助。
台南地震,感謝、療癒、紀念活動,迎向希望擁抱愛感恩餐會-維冠住戶賀歲紅包,0.01%,"366,000","366,000","發放維冠住戶賀歲紅包每人2,000元。"
台南地震,安家補助,0206震災受災戶建物滅 失所有權人辦理重建或重購之入厝禮金,0.07%,"1,944,000","1,236,000","0206震災受災戶建物滅失，所有權人辦理重建或重購，於入厝時，發放入厝 禮金每戶12,000元。"
台南地震,建物補強、重建,0206地震歸仁敦源聖廟 災害復建工程委託規劃設計,0.37%,"10,242,787","10,242,787",復建範圍為敦源聖廟祭孔相關之設施，包含本殿、禮門牌樓、左廂房屋及圍 牆等。將依現況進行調查，儘可能維持原有之建築型態與歷史風貌，並儘量 使用原有材料與工法，輔以現代材料與工法，強化建築本體之安全性與延長 壽命，以確保未來祭孔儀式過程及參觀民眾的安全。
台南地震,建物補強、重建,空場POLYMER(空場藝 術)等單位指定捐款辦理 0206震災古蹟修復,0.09%,"2,512,923","2,512,923",辦理鹿陶洋江家古厝聚落修復(災損戶97號修復)以及105年0206地震歸仁區 歷史建築原保證責任信用購買販賣利用組合辦公廳舍保護棚架及緊急加固工 程
台南地震,建物補強、重建,0206地震中西區文和街 集合住宅重建工程費,0.36%,"10,000,000","10,000,000","0206地震中西區文和街集合住宅等13戶辦理興建工程費，由建築師公會義務 協助設計製做預算書及圖面，依建築法規定設計及監造需為執業建築師執行 之並聘請執業建築師執行後續監造工程(包含不動產公會指定捐款新臺幣 1,000萬元)"
台南地震,感謝、療癒、紀念活動,0206震災失依、單親兒少餐敘活動,0.00%,"6,000","6,000","發放出席之失依、單親兒少賀歲紅包每人2,000元。"
台南地震,建物補強、重建,臺南市永康區維冠金龍都市更新重建工作補助費,1.72%,"47,280,532","47,280,532","補助更新會辦理都市更新規劃、估價、建築設計監造及興建工程等重建工作 ，補助總額計4,728萬532元。"
台南地震,建物補強、重建,臺南市東區大智市場都市更新重建工作補助費,0.81%,"22,293,566","22,293,566","補助更新會辦理都市更新規劃、估價、建築設計監造及興建工程等重建工作 ，補助總額計2,229萬3,566元(包含不動產公會指定捐款新臺幣500萬元)。"
台南地震,生活扶助,0206震災符合中央勞 保、農保、國民年金保險 與健保之保險費用補助者 ，以善款補助其106年2月 至7月勞保、農保、國民年 金保險與健保之自付保險 費用,0.13%,"3,680,999","3,680,999",0206震災符合中央勞保、農保、國民年金保險與健保之保險費用補助者，運 用善款補助其106年2月至7月勞保、農保、國民年金保險與健保之自付保險 費用
台南地震,救災資源加強,指定捐款消防局用於購 買救災設備,0.00%,"100,000","100,000",臺南市南區文南里指定捐款臺南市政府消防局用於購買救災設備
台南地震,安家補助,歸仁幸福大樓部分災民 之土地增值稅補助計畫,0.004%,"99,457","99,457",歸仁幸福大樓部分災民無意願參與重建，協議價購依法應納之土地增值稅由 0206善款給付。
台南地震,建物補強、重建,歸仁區幸福大樓土地進 行協議價購作業,0.10%,"2,732,536","2,732,536",辦理本市歸仁區幸福大樓部份災民無意願參與重建，擬針對歸仁區歸仁北段 1167-44地號部份土地（2人）進行協議價購作業。
台南地震,建物補強、重建,臺南市歸仁區文化街三 段2至16號7戶建築物耐震 詳細評估及安全鑑定報告,0.03%,"810,000","810,000",為0206震災致歸仁區文化街3段2至16號7戶房屋梁柱受損，為釐清受損房屋 係應進行拆除重建或修復補強，辦理耐震評估及安全鑑定。
台南地震,建物補強、重建,臺南市歸仁區幸福大樓建築勞務及重建工作補助,0.21%,"5,850,000","5,850,000","補助幸福大樓建築規劃設計監造等勞務服務費協助災後建物重建(含不動產 公會指定捐款新臺幣214萬9,015元)"
台南地震,建物補強、重建,歸仁區幸福大樓地下室 拆除工程,0.35%,"9,693,581","9,693,581",辦理歸仁區原幸福大樓地下室拆除工程
台南地震,安家補助,支付代管歸仁區歸仁北 段1167-44地號土地106年 度地價稅,0.00%,0,0,支付代管歸仁區歸仁北段1167-44地號土地106年度地價稅
台南地震,建物補強、重建,臺南市歸仁區幸福大樓 善款接替2戶參與重建興建 經費,0.33%,"9,185,295","9,185,295",由善款接替2戶參與重建興建事宜
台南地震,安家補助,臺南市東區大智市場 (市E13)都市更新重建期間 貸款利息補貼費,0.56%,"15,303,630","15,303,630",補助大智市場重建期間貸款利息費用
台南地震,安家補助,歸仁區幸福大樓重建期 間貸款利息補貼費,0.01%,"195,684","195,684",補助幸福大樓重建期間貸款利息費用
台南地震,建物補強、重建,東區大智市場都市更新 案1、2樓(含停車位)委託 估價經費,0.003%,"95,000","95,000",委託估價師評估大智1、2樓(含停車位)之更新後合理價值
台南地震,建物補強、重建,臺南市東區大智市場（ 市E13）都市更新重建信託 融資保證金,0.00%,0,0,"為協助更新會啟動大智信託專戶，取得融資貸款，以核定之1、2樓價購金額 8,703萬3,752元，調整支用作為信託融資保證金。"
台南地震,建物補強、重建,東區大智市場原建物地 下既有結構物拆除工程及 鄰房鑑定費,0.07%,"1,835,000","1,835,000",辦理東區大智市場原建物地下既有結構物拆除工程及鄰房鑑定費
台南地震,建物補強、重建,永康維冠大樓地下結構 物拆除工程,0.94%,"25,934,351","25,934,351",辦理永康維冠大樓地下結構物拆除工程
台南地震,原因咎責/訴訟費用,臺灣臺南地方法院105 年消字第6號民事訴訟爭訟系爭建物幸福大樓鑑價費用補助,0.00%,"60,000","60,000",臺灣臺南地方法院105年消字第6號民事訴訟案件，建物幸福大樓鑑價費用補 助
台南地震,安家補助,0206地震建築物重建工 程合約印花稅補助-永康區 維冠金龍大樓,0.01%,"252,230","252,230",永康區維冠金龍大樓重建所書立之工程合約依法應繳納之印花稅
台南地震,安家補助,0206地震建築物重建工 程合約印花稅補助-東區大 智市場,0.01%,"257,142","257,142",東區大智大樓重建所書立之工程合約依法應繳納之印花稅
台南地震,建物補強、重建,0206震災後危險建築物 地質改良工程施作情形鑑 定,0.02%,"658,535","658,535",辦理震災後危險建築物地質改良工程施作情形鑑定及辦理地質鑽探鑑定需拆 除建築物前院遮陽版與屋架補助
台南地震,安家補助,歸仁區幸福大樓用地每 年應繳納地價稅、房屋稅,0.001%,"28,671","28,671",繳納代管期間0206善款取得之不動產原歸仁區幸福大樓用地依法每年應繳納 之地價稅、房屋稅
台南地震,建物補強、重建,永康維冠大樓地下結構物補充拆除工程,0.10%,"2,724,073","2,724,073",辦理永康維冠金龍大樓地下結構物補充拆除工程
台南地震,建物補強、重建,公立國中小校舍耐震能力及設施設備改善計畫,5.25%,"144,603,855","144,603,855",辦理公立國中小校舍耐震能力及設施設備改善計畫-老舊校舍拆除重建工程 24校
台南地震,安家補助,永康區維冠金龍都市更 新重建期間貸款利息補貼 費,0.30%,"8,255,268","8,255,268",補助維冠大樓重建期間貸款利息費用
台南地震,行政相關,與維冠金龍都市更新會 簽訂無償使用契約-契約公 證費,0.00%,"76,500","76,500",辦理與維冠金龍都市更新會簽訂無償使用契約-契約公證費
台南地震,生活扶助,0206地震受災民眾生活 重建扶助計畫,0.45%,"12,377,030","12,377,030",為關懷0206地震受災民眾，對因生活重建期面臨經濟困境，有照顧服務或心 理支持需求之民眾提供即時協助。經社工員訪查評估依據實際需求提供急難 救助、生活扶助、照顧服務補助、心理治療或諮商輔導補助或其他特殊慰 助。
台南地震,生活扶助,臺南市政府代為辦理標 售歸仁區幸福大樓重建分 配2樓及4樓不動產標售、 水電費等,0.00%,"50,013","50,013",辦理臺南市政府代管歸仁區幸福大樓2樓及4樓不動產標售等鑑價、公告費用 與水電費用等。
台南地震,受害者慰問金,臺南市0206震災未達紅黃單之建築物受損慰助金,1.63%,"44,797,507","44,797,507",針對0206地震未達危樓但有受損房屋發放慰助金
台南地震,醫療補助,0206震災受災戶搭乘復 康巴士費用補助,0.002%,"53,000","53,000",協助0206地震受災民眾出院後復健、回診之需，補助復康巴士搭乘費用
台南地震,建物補強、重建,大智市場透天整建維護自主更新案結構補強工程補助費用,0.10%,"2,695,524","2,695,524",補助大智市場透天整建維護自主更新案結構補強工程費用
台南地震,建物補強、重建,東區大智市場1、2樓超市空間與10個停車位價購,3.16%,"87,033,572","87,033,572",辦理東區大智市場1、2樓超市空間與10個停車位價購
台南地震,安家補助,東區大智市場1、2樓超市空間房地產交易稅費,0.02%,"633,776","633,776",辦理東區大智市場超市空間房地產交易稅費
台南地震,安家補助,永康區維冠大樓原址公有土地興建鄰里公園案,0.44%,"12,250,000",0,辦理永康區維冠大樓原址公有土地興建鄰里公園案
台南地震,生活扶助,臺南市0206地震受災民眾生活照顧,0.22%,"6,099,000","1,795,858","延續0206地震受災民眾生活照顧,經社工評估後有經濟陷困及有生活照顧之
需者,提供生活扶助、照顧服務補助(含看護費及醫療費)。"
台南水災,受害者慰問金,0813豪雨淹水非法定受災戶慰助金,,"8,000,000","3,191,460","本計畫募款期間自108年10月3日至108年11月30日，至109年1月7
日共計實收捐款收入3,197,500元，並於109年1月9日執行發放淹
水慰助金1,237戶，每戶2,580元，共計3,191,460元，賸餘款
6,040元依捐款人指定捐款聲明書意旨，由臺南市政府社會局社
會救助金專戶統籌運用。"
八仙塵爆,受害者慰問金,第一階段撥款：生活照顧、往生慰問、陪伴照顧費,5.75%,"106,288,000","106,288,000",
八仙塵爆,醫療補助,第二階段撥款：醫療、往生撫慰金,50.25%,"928,501,200","928,501,200",
八仙塵爆,醫療補助,第三階段撥款：醫療、往生慰問金,30.42%,"562,155,000","562,155,000","627 保護協會與罹難者家屬已協調達成共識，將善款 1 億 5,000 萬爭議款中；提撥 3,000 萬元整，予 15 位往生者家屬各 200 萬元整之慰撫金，其剩餘善款分配給傷者後續重建、復健等醫療使用。"
八仙塵爆,生活扶助,第四階段撥款：傷者後續支持,4.86%,"89,880,000","89,880,000","善款發放將依傷者之身障程度進行分級，輕度 1 倍、中度 1.5 倍、重度 2 倍、
極重度 2.5 倍。目前領有身障手冊之傷友共計 231 人，其中輕度 117 人、
中度77人、重度27人及極重度2人。
領有身障手冊之傷友本身兼具低(中低)收入戶身分者，共計 8 人，加權 1
倍。
因特殊障別第一類(神經系統構造及精神、心智功能)、第七類(神經、肌肉、
骨骼之移動相關構造及其功能)影響後續生活較嚴重，各再加權 0.5 倍。
預估費用：1 單位 28 萬元，總計補助 231 人，金額 8,960 萬元，善款餘額約 180 萬餘元。"
八仙塵爆,醫療補助,非健保給付醫療費用,7.36%,"135,960,162","135,960,162",
八仙塵爆,原因咎責/訴訟費用,外國人機票及住宿費,0.06%,"1,075,200","39,803",
八仙塵爆,原因咎責/訴訟費用,訴訟鑑定費,0.53%,"9,800,000","4,404,647","1. 請協助墊付士林地方法院審理八仙塵爆損害賠償事件，有關醫療機構鑑定被害人勞動能力喪失或減損比例等費用，以利訴訟之進行。
一、同意補助醫療機構鑑定被害人勞動能力喪失或減損比例等費用，每位傷者補助上限為 2 萬 5,000 元。
2. 就八仙塵爆事件屬居住台澎金馬地區以外之被害人，因來台進行勞動力減損及未來醫療費用鑑定之需要，建請補助往還交通費用與在台期間住宿費用。
一、同意核實補助每位傷者(未含家屬)單人經濟艙來回機票。
二、同意依「公務員國內出差旅費報支數額表簡任級人員」每日 1,800 元上限標準，核實支付住宿費用。"
八仙塵爆,原因咎責/訴訟費用,醫療機構調閱被害人相關病歷資料費,0.01%,"150,000",,"請協助墊付士林地方法院審理八仙塵爆損害賠償事件，有關醫療機構調閱被害人相關病歷資料等費用，以利訴訟之進行。
因有幾家醫療機構要求被害人需先支付調閱病歷費用，待醫療機構收到費用後，才能回覆函查結果給士林地院，因此需再另外通知被害人繳費，產生被害人額外支出調閱病歷之費用。
因部份被害人難以聯絡或拒絕付費，律師也自行先墊款，以加速醫療機構回覆法院及後續閱卷處理表格之進度。
調閱一筆病歷費用金額為新台幣數百元至仟元不等(依各醫療機構收費標準不同而定)，目前有支付調閱病歷費用約 117 筆，將視後續醫療機構通知狀況再作聯繫處理，預估所需金額為新台幣 15 萬元。"
八仙塵爆,生活扶助,指定捐款：指定特定對象使用,0.07%,"1,251,000","1,251,000",
八仙塵爆,原因咎責/訴訟費用,指定捐款：指定協助被害人辦理法律訴訟相關費用,0.14%,"2,500,000","1,319,835",
八仙塵爆,生活扶助,指定捐款：指定復健交通費及電費補助,0.54%,"10,000,000","9,923,017","104 年新北市境內 11 家有線電視業者指定捐款新臺幣 1,000 萬元，提供八仙樂園粉塵爆燃事件傷者交通費暨冷氣用電補助，經依計劃執行交通費及冷氣電費補助支出"
八仙塵爆,行政相關,指定捐款：指定行政費用,0.02%,"300,000",,